部品番号,部品名,シンワ倉庫,アラン,ゆーや,しゅん,たくや,合計,最終更新
580300,カートリッジ,33,25,10,5,11,84,7/17 15:44
35567,ミルクセンサー,0,5,4,4,4,17,7/18 15:23
27313,カバーキャップ,71,62,-10,24,18,165,7/18 15:25
36652,コンプレッサー,4,1,1,1,2,9,7/16 08:31
800100,排水ホース,61,3,2,3,3,72,7/9 18:44
12922,XT8　Barポンプ,1,0,0,0,0,1,5/31 19:15
14025,SCREW ISO 7380 M3x8-A2,8,0,10,0,6,24,6/29 17:41
16857,BAR/CupBFフローメーター,0,1,1,0,1,3,7/6 10:30
16966,バーキューブ　グラインダーコンデンサ,0,0,0,0,0,0,5/31 19:15
17063,カス受けセンサー,3,0,0,0,1,4,6/30 13:51
18196,ビス,0,0,0,0,0,0,5/31 19:15
19465,ALP/CUPプロコンポンプ,0,0,0,0,0,0,5/31 19:15
20031,バーキューブ　電磁弁3/2,5,0,0,0,0,5,5/31 19:15
20040,バーキューブ　コーヒーアウトレットカバー,0,0,0,0,0,0,5/31 19:15
20070,バーキューブ　パワー基板,0,0,0,0,0,0,5/31 19:15
20126,バーキューブ　クリップ　スナップリング,7,0,0,0,0,7,5/31 19:15
20134,プレッシャーセンサー（圧力センサー）,0,1,0,0,0,1,5/31 19:15
20153,バーキューブ　リードスイッチ,1,0,2,1,0,4,5/31 19:15
20171,Oリング19.5×2.5,0,2,-4,2,0,0,5/31 19:15
20227,バーキューブ　電磁弁スチーム,1,0,0,0,0,1,5/31 19:15
20355,Bar オーリング 5×1.5,3,0,0,0,0,3,5/31 19:15
20580,RestrictorD2.1/0.3,1,0,1,0,0,2,5/31 19:15
20715,バーキューブ　ディスプレイLCD,0,0,0,0,0,0,5/31 19:15
20759,バーキューブ　マイクロスイッチ,3,0,0,0,0,3,5/31 19:15
21658,190ON/OFFスイッチ2009,0,0,0,0,0,0,6/19 09:35
21661,バーキューブ　MCメインスイッチ,0,0,1,2,1,4,6/28 18:11
22081,c35mcsコンプレッサー,2,0,0,0,0,2,5/31 19:15
22132,C35フロントカバーcompl,0,1,0,0,0,1,5/31 19:15
22239,Hollow screw boiler-1,0,0,0,0,0,0,5/31 19:15
22284,C35コンプレッサー下置き,0,0,0,0,0,0,5/31 19:15
22335,TコネクションD6,1,2,1,1,2,7,7/18 15:22
22337,エルボーコネクションTYPE FITTING D4,3,1,2,0,1,7,7/14 19:02
22338,LコネクターD6-D6,3,3,0,2,0,8,5/31 19:15
22339,ALPエルボーD6-D6,9,0,2,3,3,17,7/9 10:29
22340,ALPエルボユニオンD4-G1/8,5,4,1,2,0,12,5/31 19:15
22341,Elbow union D4-5,4,2,2,2,0,10,5/31 19:15
22343,ALP継ぎ手D6G1-8,3,2,4,4,0,13,5/31 19:15
22345,YプラグD6,13,15,1,10,10,49,7/18 15:27
22346,Y型コネクターD6-D4,15,14,4,12,12,57,7/18 15:27
22350,ストレートバルブヘッドフィッティングD6-G1/18,9,1,2,0,0,12,5/31 19:15
22351,ストレートプラグD4,2,2,2,1,2,9,5/31 19:15
22352,C5コネクター,3,0,1,2,0,6,5/31 19:15
22356,リダクションD6-D4,0,0,0,0,0,0,5/31 19:15
22358,T字コネクションD4,0,0,1,1,1,3,6/23 17:29
22359,ALP継手D6-G1/4（ポンプ用ワンタッチニップル）,4,2,0,0,0,6,5/31 19:15
22360,コネクターD6-G1/8,7,9,3,0,4,23,5/31 19:15
22363,Double plug nipple D6（鉄心D6）,1,4,2,0,0,7,5/31 19:15
22366,ストレートソケットD6-G1/8,2,1,2,0,0,5,5/31 19:15
22367,ユニオンD4-G1/8,1,1,0,0,0,2,5/31 19:15
22394,スクリューロック G1/8,1,0,0,0,0,1,5/31 19:15
22395,SwivellingThreadedElbow,0,0,0,0,0,0,5/31 19:15
22509,スナップリング 10.82×1.78,0,0,0,0,0,0,5/31 19:15
22851,Bar-cube II ﾒｲﾝ基板,0,0,0,0,0,0,5/31 19:15
22880,バーキューブ　コントロールカード,0,0,0,0,0,0,5/31 19:15
22933,インスタントアダプタ部Oリング,3,9,0,0,0,12,7/3 19:26
23006,Door mc35 compl. TM,0,0,0,0,0,0,5/31 19:15
23027,ボルト,0,0,0,0,0,0,5/31 19:15
23030,バーキューブ　ピストンASSY,2,0,0,0,0,2,5/31 19:15
23034,Bar-cube?フィリングチャンバーカバー,1,1,0,0,0,2,5/31 19:15
23288,Door internal leaf cooling cell mc35 - 9,0,0,0,0,0,0,5/31 19:15
23835,バーキューブ　Oリング14×1.6,1,0,0,0,0,1,5/31 19:15
24278,ケーブル受け側　ミルク,0,0,0,0,0,0,5/31 19:15
24724,メンテナンスSetポンプヘッド,0,1,0,0,0,1,5/31 19:15
24931,バーキューブ　スタンプ,5,0,0,0,0,5,5/31 19:15
24932,バーキューブ　スリーブ,2,0,0,0,0,2,5/31 19:15
24998,ボイラーOリング,11,1,4,1,2,19,7/15 23:46
25039,Sealing ring slim D=45 シーリングリング,2,0,0,0,0,2,5/31 19:15
25040,ALPスケラップ・シールリングBK,0,1,2,1,0,4,7/17 16:47
25124,screw joint for electrode,0,2,2,1,1,6,5/31 19:15
25127,水位センサースリーブ,0,0,1,1,0,2,7/13 12:12
25134,XT8　c35　温度センサー,1,0,0,1,0,2,5/31 19:15
25177,安全弁 4bar D6（スチームボイラー）,0,2,0,0,1,3,5/31 19:15
25178,バーキューブ　安全弁10bar,4,1,2,1,1,9,5/31 19:15
25262,コントロールボード,1,0,1,0,0,2,5/31 19:15
25263,コントロールボード,0,1,1,0,1,3,6/9 16:41
25319,バーキューブ　電磁弁2/2D1.5,5,0,0,0,0,5,5/31 19:15
25320,バーキューブ　電磁弁3/2D1.5,6,0,0,0,0,6,5/31 19:15
25363,AMCクリーナー(35289),0,0,0,0,0,0,5/31 19:15
25369,LコネクターD6-D4,3,3,2,2,1,11,5/31 19:15
25380,新ヒーターシール45.5×22×5(800139),-5,0,3,0,0,-2,5/31 19:15
25401,パワーサプライ,2,1,1,1,1,6,7/11 10:26
25410,カットアウト サーマルスイッチ,0,0,1,0,1,2,5/31 19:15
25412,ALPEGOジョイントスクリューシーリング,11,5,0,0,0,16,5/31 19:15
25436,インスタントコンテナ. XT,2,0,0,0,0,2,5/31 19:15
25472,Ｔ-SCREW-ON VALVE,0,2,2,1,2,7,5/31 19:15
25584,プッシュ-オープン,1,1,2,1,1,6,7/1 12:16
25590,Oリング13×1.5,0,0,0,0,1,1,5/31 19:15
25617,バルブY30 Y32 Y33 Y34 Y35 Y37 Y10 Y12 Y14 Y15,0,10,4,3,0,17,7/13 16:13
25619,電磁弁Y36,4,2,2,2,1,11,7/10 12:08
25620,スチームミルクバルブ　Y90,27,2,1,2,6,38,7/11 15:05
25621,電磁弁Y91,1,0,1,1,1,4,6/29 15:09
25622,XT プロコン 給水ポンプ,3,1,1,0,1,6,7/16 08:32
25651,BOTTOM OUTLET COVER,0,1,1,0,0,2,7/13 14:40
25653,アウトレットノズル　左,0,1,1,0,0,2,5/31 19:15
25654,OUTLET NOZZLE RIGHT,2,0,1,0,0,3,5/31 19:15
25656,インスタント　チューブ XT,1,1,1,0,0,3,5/31 19:15
25657,コネクターミキサーチューブ,0,0,0,0,0,0,5/31 19:15
25658,ドリップトレイ,1,1,1,1,1,5,7/18 15:23
25671,豆ボッパー大,0,0,0,0,0,0,5/31 19:15
25711,MCキーシリンダー,0,0,1,0,1,2,5/31 19:15
25715,イルミネーション アウトレット,0,0,0,0,0,0,5/31 19:15
25726,逆止弁 D4,3,-1,3,1,3,9,7/3 14:04
25727,ELBOW PLUG-TYPE FITTING D4-D4,5,2,3,1,3,14,5/31 19:15
25742,Rotary damper FRN-C2,0,0,0,0,0,0,5/31 19:15
25749,スナップロック カップリング,0,0,0,0,0,0,5/31 19:15
25755,C35ドロワードアロック,1,1,1,0,0,3,5/31 19:15
25761,バーキューブ　マノメーター0.25bar,0,1,0,0,0,1,5/31 19:15
25762,マノメーター ポンプ圧 0-10barG1/8,4,1,2,1,0,8,5/31 19:15
25763,マノメーター　スチーム圧　蒸気0-4barG1/8,0,0,0,0,1,1,5/31 19:15
25845,CT8 コーヒーファンネル,0,0,0,0,0,0,5/31 19:15
25952,CT8 アウトレットノズル　ミルクフォーム,0,0,0,0,0,0,5/31 19:15
25953,CT8 アウトレットノズル　コーヒー,1,0,0,0,0,1,5/31 19:15
25954,CT8 抽出口カバー,0,0,0,0,0,0,5/31 19:15
25956,ギアモーター　24v DC,3,0,1,0,1,5,5/31 19:15
25990,ドリップトレー18,0,0,0,1,1,2,7/17 12:09
25991,フェイプレート　ドリップトレー18,2,1,1,0,1,5,7/3 19:31
25999,フェースプレートlower part 18,2,1,1,1,0,5,7/18 15:23
26016,トゥーオーダー用パネル,0,0,0,0,0,0,5/31 19:15
26021,エンコーダーグラインダーXT,0,0,1,1,0,2,5/31 19:15
26022,ボイラーカバー,3,0,0,0,0,3,5/31 19:15
26042,XTグラインダー シーリングリング,2,1,0,1,0,4,5/31 19:15
26043,Reinforced hose DN 8 G 3／4 4×8ミリ　1.5m,0,0,0,0,0,0,5/31 19:15
26090,ボイラー1.05Ｌ,3,1,0,1,2,7,7/16 13:10
26166,Yコネ D4,-1,0,2,1,0,2,5/31 19:15
26218,Assy. MM I 8.4 XT6 (タッチパネル),0,0,0,0,0,0,5/31 19:15
26236,グラインダー ファンネル,0,0,0,0,0,0,5/31 19:15
26238,ミルクポンプFG109,4,1,2,3,3,13,7/11 15:03
26248,CT8 ピストン,5,0,1,1,1,8,7/11 15:11
26249,TプラグソケットD6,1,1,1,1,0,4,7/16 18:52
26346,ハンドル SC,0,0,0,0,0,0,5/31 19:15
26378,過昇防止スチームボイラー,2,2,1,0,0,5,5/31 19:15
26383,XT6ピストンアダプター（マシン側）,0,2,1,0,0,3,5/31 19:15
26398,Wiring MST to door cpl.XT6,0,1,0,0,1,2,5/31 19:15
26405,W. inlet block +check valve,1,1,1,0,0,3,5/31 19:15
26406,XT8 チューブ　スチーム,0,0,0,0,0,0,5/31 19:15
26421,フロントパネル,0,0,0,0,0,0,5/31 19:15
26434,オーリング 13×3,0,0,0,0,0,0,5/31 19:15
26436,Assy. grounds drawer 30,0,0,0,0,0,0,5/31 19:15
26448,フィンガープロテクション　CT8,0,0,0,0,0,0,5/31 19:15
26456,タッチパネルOPERATING PANEL XT,0,0,0,0,0,0,5/31 19:15
26537,Collapsible key,3,0,0,0,0,3,5/31 19:15
26544,インスタントコンプリートカバー,0,0,0,0,0,0,5/31 19:15
26571,Reed switch round D4.0×25.5mm,3,1,0,0,0,4,5/31 19:15
26573,アジャスティングモーターXT,0,0,0,1,1,2,7/4 17:23
26587,クリーニングチャンバー受け側,1,1,1,1,1,5,6/3 11:51
26588,タブレットチャンバー,0,1,0,0,0,1,5/31 19:15
26599,スチームノズル,3,0,0,0,1,4,7/12 10:42
26619,コネクターソケットC20（電源）,0,0,0,0,0,0,5/31 19:15
26620,グラインダー　スイッチ,1,1,2,1,0,5,6/25 22:28
26632,シーリングリリーフバルブ Y11,0,0,2,0,0,2,5/31 19:15
26633,Mains cable w EU plug c19,0,0,0,0,0,0,5/31 19:15
26643,Assy. distributor coffee+milk,0,0,0,0,0,0,5/31 19:15
26672,コントロールボード MST-CW30,0,0,0,0,0,0,5/31 19:15
26685,Snap-in mounting foot EPDM,0,0,0,0,0,0,5/31 19:15
26713,フロントイルミネーションASSY,0,0,0,0,0,0,5/31 19:15
26731,ミルクドアMC 18,0,0,0,0,0,0,5/31 19:15
26743,Connector milk cpl,0,0,0,0,0,0,5/31 19:15
26896,Probe L=75mm angled 90°水位センサー,0,1,1,1,1,4,7/15 16:58
26904,リードスイッチ,1,1,1,1,1,5,6/11 12:00
26907,ミキサーチャンバー,0,1,0,0,0,1,5/31 19:15
26908,ミキサーチャンバーupper part,0,1,0,0,0,1,5/31 19:15
26909,ミキサーホイール,0,0,0,0,0,0,5/31 19:15
26910,フランジ,0,1,0,0,0,1,5/31 19:15
26911,ミキサーモーター,2,0,1,0,1,4,5/31 19:15
27013,ミルク1セレクトバルブ Y71,6,3,3,0,5,17,7/12 10:45
27065,C35 電磁弁 Y89-Y88,0,0,0,0,0,0,5/31 19:15
27066,バルブグループ Y90-Y83-Y82-Y2,0,1,0,0,0,1,5/31 19:15
27276,チューブアングル100×100,0,0,0,0,0,0,5/31 19:15
27440,シーリング　キャップ D6,0,0,1,0,0,1,5/31 19:15
27442,Assy. steam wand CT8,0,0,0,0,1,1,5/31 19:15
27508,ヒューズ 4A XT,5,1,0,0,0,6,5/31 19:15
27550,MEMBRANE SOLENOID VALVE (35481),0,0,1,0,0,1,5/31 19:15
27612,ALP/c35/C5逆止弁D6S,17,0,0,1,2,20,7/6 10:24
27615,CT8 サーキットブレーカー30mA,1,0,0,0,0,1,5/31 19:15
27623,ドロワーケース　CT8,0,0,0,0,0,0,5/31 19:15
27642,GROUNDS FUNNEL XT6,1,0,1,0,0,2,5/31 19:15
27656,Anti-sliding foil PUR 154x8x0.36,6,2,0,0,0,8,6/30 13:50
27770,ピストン XT6,1,1,1,1,2,6,7/14 21:04
27918,XT8 スクラッパーリング　ピストン,0,0,0,4,0,4,5/31 19:15
27919,XT8 ディストリビューター,2,0,0,2,0,4,5/31 19:15
27934,XT8 スタンプOリング　60??3 シリコン,1,0,0,1,0,2,5/31 19:15
27935,XT8　オーリング　16×2,2,0,0,2,0,4,5/31 19:15
27968,鉄針D4,2,1,2,1,2,8,5/31 19:15
28002,D8マグネット,0,0,1,0,0,1,6/29 13:55
28003,マグネットD10×10,3,0,1,0,0,4,5/31 19:15
28008,グリス8g,0,0,0,0,0,0,5/31 19:15
28009,グリス1kg,2,0,0,0,0,2,5/31 19:15
28026,ノズル スピゴットM22×１,0,0,1,0,0,1,5/31 19:15
28054,CT8 温度センサー,0,0,0,0,0,0,5/31 19:15
28074,Assy adapter instant system,0,0,1,0,0,1,5/31 19:15
28262,CONTROL BOARD（ミル）,-2,0,1,0,0,-1,5/31 19:15
28277,チェンバーリリーフバルブ Y31,0,1,1,2,2,6,5/31 19:15
28507,ギアモーターXT 抽出モーターASSY,3,1,1,1,2,8,7/7 14:43
28571,プレッシャーゲージ,3,1,1,0,0,5,5/31 19:15
28705,Cable bracket self-adhesive 11×8mm,0,0,0,0,0,0,5/31 19:15
28768,コンダクティブWケーブル（ミルクレベルセンサー本物）,1,1,1,1,1,5,7/3 14:04
28839,XT スタンプ,9,0,2,3,4,18,7/16 19:51
28840,XTスリーブ,13,0,0,3,4,20,7/16 19:51
28844,XT8 シャフト,2,0,0,0,0,2,5/31 19:15
28976,電磁弁3/2WAY NPS3 AD4,3,1,1,0,0,5,5/31 19:15
29123,CT8 抽出口,0,0,0,0,0,0,5/31 19:15
29126,Assy. outlet adjustable V2.1 CT8,0,0,0,0,0,0,5/31 19:15
29169,エアポンプ,0,0,0,0,0,0,5/31 19:15
29289,XT8 スライダーモーター,2,0,0,0,0,2,5/31 19:15
29370,ファンネル　big30,1,1,0,0,0,2,5/31 19:15
29443,フロントパネル?c35t5Cafina/Melitta,0,0,0,0,0,0,7/6 09:53
29539,コントロールボード　XT4,0,0,0,0,0,0,5/31 19:15
29592,ドリップトレイ Bar,0,0,0,0,0,0,5/31 19:15
29608,パワーサプライケーブル ミルク,0,0,0,0,0,0,5/31 19:15
29702,XT8 水位センサー,0,0,0,0,0,0,5/31 19:15
29703,XT8　オーリング 80×5,2,0,0,0,0,2,5/31 19:15
29725,XT8 シーリングリング ピストン,3,0,0,1,0,4,5/31 19:15
29783,ホースコネクターD6 L440,0,0,0,0,0,0,5/31 19:15
29784,ホースコネクターD6 L190,0,0,0,0,0,0,5/31 19:15
29862,Damping element 20x7x2,10,19,0,0,0,29,6/29 13:55
29873,ベンチレーター　ファン,0,0,1,0,0,1,5/31 19:15
30634,ASSY DISTRIBUTOR C+M CT/XT V2,0,0,0,0,0,0,5/31 19:15
30644,電磁弁2/2ETV211NW1.5,6,1,3,1,4,15,7/16 19:51
30648,ミルクディバージョンバルブ Y70,9,1,2,3,4,19,7/16 18:52
30653,パワーサプライ　XT用,0,0,0,0,1,1,5/31 19:15
30697,シリコンチューブD4/7,8,0,-5,1,6,10,7/17 10:29
30741,XT8 コントロールボード,2,0,0,0,0,2,5/31 19:15
30797,XTグラインダー,0,0,0,0,0,0,5/31 19:15
30802,グラインダー1 XT4,1,0,0,0,0,1,5/31 19:15
30803,グラインダー2　XT4,1,0,0,0,0,1,5/31 19:15
30968,SP ピストンユニット XT8,0,0,1,1,1,3,5/31 19:15
31007,新スリーブ,0,2,1,0,0,3,5/31 19:15
31008,新スタンプ,0,0,0,0,0,0,5/31 19:15
31180,ケーブルハーネス ピストンモーターXT6,0,1,1,0,1,3,6/25 22:24
31371,ヒーティングエレメント200V,1,1,1,1,0,4,5/31 19:15
31526,グラインダーモーター（ミルモーター）,1,1,0,1,1,4,7/18 15:21
31532,背面LEDプラグコネクター,0,0,0,0,0,0,5/31 19:15
31616,Y91電磁弁　XT4,0,0,0,0,1,1,5/31 19:15
31632,エルボーユニオンD6-G1/4 →39704に変更,0,0,0,0,0,0,5/31 19:15
31634,バーキューブ　Tスクリュー D6-G1/4,0,0,0,0,0,0,5/31 19:15
31740,温度センサー 750mm,6,0,1,1,2,10,6/29 13:55
31863,旧セルフキット一式,0,0,0,0,0,0,5/31 19:15
31877,旧型アウトレットXT6 抽出口,0,1,1,1,1,4,7/16 13:04
31888,ローソン用排水セット,6,1,1,1,0,9,7/10 22:14
31902,Assy support access (セルフカバーマシン側),0,0,0,0,0,0,5/31 19:15
31924,ミルクレベルケーブル,1,1,1,0,0,3,5/31 19:15
32174,ボタン電池,12,3,8,3,0,26,6/26 14:26
32468,C35 mcsディスプレイ,0,0,0,0,0,0,5/31 19:15
32532,LEDコネクター,0,2,0,0,0,2,5/31 19:15
32709,プロテクトシート,0,0,0,0,0,0,5/31 19:15
32910,SDカード1GB,2,0,0,1,0,3,5/31 19:15
32936,メイン基板CT/XT V2,2,0,1,1,1,5,7/11 10:25
32975,ショートホッパーXT,0,0,0,0,0,0,5/31 19:15
32979,デカフェシューター,0,0,0,0,0,0,5/31 19:15
32997,インスタント　メッシュ,0,1,0,0,0,1,5/31 19:15
33004,テレメトリーアップデートBOX,0,0,0,0,0,0,5/31 19:15
33041,Right-ajgle connector D8-D6,0,0,0,0,0,0,5/31 19:15
33159,Wi-Fi USB-Adapter（ドングル）,0,1,0,0,0,1,7/18 15:42
33163,WiFi Assy,0,0,0,0,0,0,5/31 19:15
33211,ヒーター,0,0,0,1,0,1,5/31 19:15
33213,排水センサー,1,0,0,1,1,3,5/31 19:15
33221,チューブコネクション　XT8.,4,0,0,0,0,4,5/31 19:15
33222,XT8 スプレイ,1,0,0,2,0,3,5/31 19:15
33344,負圧弁　(24639),0,4,3,2,3,12,7/18 15:29
33386,磁石carrier forカバー,-1,1,1,0,1,2,5/31 19:15
33400,Steam boiler XT8 200V (SP 37584),1,0,0,0,0,1,6/9 08:33
33405,ホッパー蓋（鍵付き）,0,0,0,0,0,0,5/31 19:15
33411,Reed contact,7,1,2,0,0,10,5/31 19:15
33440,XT8 スチームボイラー　200v,0,0,0,0,0,0,5/31 19:15
33529,Oリングセット forプロコン,3,0,0,0,0,3,5/31 19:15
33560,ディスプレイC35,0,1,0,0,0,1,5/31 19:15
33567,ディストリビューター,0,0,1,0,0,1,5/31 19:15
33592,新型アウトレット XT4 抽出口,0,1,1,1,1,4,7/13 14:58
33665,XT8　スライダー,0,0,0,0,0,0,5/31 19:15
33881,オーリング 5.6×2.4,0,0,0,0,6,6,5/31 19:15
33996,XT8 エジェクションリング V2,1,0,0,1,0,2,5/31 19:15
34051,グラインダー1XT,4,2,1,1,2,10,7/18 15:21
34052,グラインダー2 XT,2,1,1,1,1,6,7/10 12:10
34053,グラインダーカッター上下,0,0,2,2,0,4,5/31 19:15
34265,V-CLAMPQRC,0,0,0,1,0,1,5/31 19:15
34368,SP set LEDシグナルXT,3,0,1,0,0,4,7/11 09:55
34438,XT 新ショートホッパー,2,1,1,1,2,7,7/18 15:23
34473,XTホッパー　TOオーダー用,1,0,0,0,1,2,7/11 10:27
34719,CT8 エジェクションリング,0,0,0,0,0,0,5/31 19:15
34906,CT8 ヒーターシール 42.8*19.3*4.8FKM,21,1,3,2,4,31,7/15 20:54
34992,ギヤポンプ(ミルクポンプ),1,1,1,0,0,3,5/31 19:15
34999,圧力センサーコネクター,0,0,0,0,0,0,5/31 19:15
35060,XT8 シーブ,1,0,0,2,0,3,5/31 19:15
35133,ミルクポンプ　XT4,1,0,1,0,1,3,7/15 16:58
35241,タッチパネル XT4,0,0,0,0,0,0,5/31 19:15
35366,Power Code,0,0,0,0,0,0,5/31 19:15
35481,電磁弁用メンブラン2/2WAY,0,0,0,0,0,0,5/31 19:15
35625,新サーキュラージェットノズル,0,2,2,1,1,6,7/18 15:22
35626,新スチームジェットノズル,14,3,2,2,6,27,7/10 12:08
35669,ミルクドアMC18（25999）,4,0,1,1,1,7,6/26 15:13
35710,【使用不可】Ball bearing slide 330 reworked,2,2,0,0,0,4,6/29 13:53
35916,メインスイッチ 2-PIN,0,0,1,1,1,3,7/8 16:55
35937,Kugelauszug KA1730/300 (1 Paar),5,0,2,2,3,12,7/1 12:16
36103,インレイ　ビーンホッパー,0,0,0,0,0,0,5/31 19:15
36116,コントロールカード,1,0,0,0,0,1,5/31 19:15
36219,クリーニングチャンバーセンサー,0,0,0,0,1,1,5/31 19:15
36469,ホースノズル排水パイプ,4,0,0,0,0,4,5/31 19:15
36664,raised  bean  hopper  XT,0,0,0,0,0,0,5/31 19:15
36683,クリーニングタブレット,0,0,0,0,0,0,5/31 19:15
36693,ET-set ASSY XT6,0,0,0,0,0,0,5/31 19:15
36710,XT4 ホルダーMMI,1,0,1,0,0,2,5/31 19:15
36793,Assy. pump for outlet ventilation V2,1,0,1,1,0,3,5/31 19:15
36826,下置きミルクコンプレッサー,1,0,0,0,0,1,5/31 19:15
36828,Assy.back  panel  MCU-XT,0,0,0,0,0,0,5/31 19:15
36960,ミルククーラーTS-14B-1,0,0,0,0,0,0,5/31 19:15
37226,3/8ポンプヘッド用ニップル,0,0,0,0,0,0,5/31 19:15
37247,LEDバー　EVO,0,0,0,0,0,0,5/31 19:15
37332,新セルフカバー,3,0,1,2,1,7,7/15 21:25
37362,新セルフキット（本体+MC）,0,0,0,0,0,0,5/31 19:15
37584,スチームボイラー 4100Ｗ 200Ｖ,0,0,1,1,0,2,5/31 19:15
37669,コントロールボード,1,0,0,1,1,3,5/31 19:15
38161,新セルフキット（ブラック）,0,0,0,0,0,0,5/31 19:15
38162,MC18コンバージョンキット1513,0,0,0,0,0,0,5/31 19:15
38852,六角穴付ボタンボルト,0,0,0,0,0,0,5/31 19:15
38853,新アウトレットカバー変更用パーツキット,0,0,0,1,1,2,7/15 21:25
39556,XT4 タッチパネル,1,0,0,0,1,2,5/31 19:15
39704,エルボユニオン D6-G1,13,2,-1,1,4,19,7/18 15:22
40021,新ミルクコンプレッサーMC18,0,0,0,0,0,0,5/31 19:15
40275,filter  H32  (21gr<),0,0,0,0,0,0,5/31 19:15
40424,#702969 SP Pressure,0,0,0,0,0,0,5/31 19:15
41295,新パネルXT6,0,0,0,0,0,0,5/31 19:15
41298,CT8 ディスプレイ,0,0,0,0,0,0,5/31 19:15
41308,NEW キットA,0,0,0,0,0,0,5/31 19:15
41309,NEW キットB,0,0,0,0,0,0,5/31 19:15
41310,キットC,0,0,0,0,0,0,5/31 19:15
41559,Protective cap for device plug プロテクトキャップ,0,0,0,0,0,0,5/31 19:15
41560,パワーサプライ,0,0,0,0,0,0,5/31 19:15
42009,SP brewing unit V3 ユニット,0,0,0,0,0,0,7/17 19:08
42106,AIMC-0003A COMPLETE FILTER HOLDER,0,0,0,0,0,0,5/31 19:15
42163,Assy. MMI CT6 XGA パネル,1,0,0,0,0,1,5/31 19:15
42210,complete filter folder,0,0,0,0,0,0,5/31 19:15
42265,コントロールボード V4 XT/CT US/JP,0,0,0,0,0,0,5/31 19:15
42438,SP set assy.MMI XT6-XGA Linuxパネル,0,0,0,0,0,0,5/31 19:15
42440,タッチパネル　XT8,0,0,0,1,0,1,7/1 12:07
42441,SP set assy. MMI CT8/F-XGAパネル,1,0,0,0,1,2,5/31 19:15
42750,evo ボイラー ７L,0,0,0,0,0,0,5/31 19:15
43117,コントロールボード　V3,0,0,0,0,1,1,5/31 19:15
43220,マグネットシート,4,0,0,1,0,5,7/15 21:37
43341,K30 分圧器(6319000),0,0,0,0,0,0,5/31 19:15
44548,新Aキット,23,7,4,3,2,39,7/17 14:10
44549,新Bキット,17,6,4,7,2,36,7/17 14:10
44550,新Cキット,21,8,3,12,3,47,7/18 15:31
44551,新Dキット,1,0,0,0,0,1,5/31 19:15
44552,新Eキット,3,3,0,1,1,8,7/17 14:10
44553,新Fキット,3,1,1,1,0,6,7/17 15:44
46104,新Gキット,35,7,0,0,0,42,7/2 15:43
46245,MCD用 ピスコ ボールバルブ,4,1,1,1,0,7,7/14 12:06
46313,Assy. tamp KDX V3 スタンプ,0,0,0,0,0,0,7/6 10:05
46957,新Iキット,0,0,1,0,1,2,7/15 22:35
46994,スチームタップ左,0,0,1,0,0,1,5/31 19:15
47650,H キット,18,0,0,0,0,18,7/2 15:43
47964,Y11 Solenoid valve 2/2-way ETV-222 NC NW2 AD4,0,0,1,0,2,3,6/9 16:42
48791,丸ワッシャー,10,0,0,0,0,10,7/1 11:15
580201,Aカートリッジ,0,0,0,0,0,0,5/31 19:15
580301,D-7 Me-Sカートリッジ,8,2,0,2,4,16,7/14 12:51
580302,D-7型キャップセット(L Me-C用),2,0,1,0,0,3,5/31 19:15
580303,減圧弁(L用),10,1,3,2,0,16,5/31 19:15
580400,シンプルパック全硬度(48入),2,0,0,0,0,2,5/31 19:15
702927,フラッパー　シリコン,0,0,1,0,0,1,7/16 17:12
800063,排水ポリタンク,0,0,0,0,0,0,5/31 19:15
800111,フレキ用ニップル13mm,5,0,0,0,0,5,5/31 19:15
800112,ボールバルブ 13mm,0,0,0,0,0,0,5/31 19:15
800113,両ナットボールバルブ13mm,0,0,0,0,0,0,5/31 19:15
800114,片ナットボールバルブ13mm,1,0,0,0,0,1,5/31 19:15
800115,ブレードフレキ500L,1,0,0,0,0,1,5/31 19:15
800116,ブレードフレキ900L,0,0,0,0,0,0,5/31 19:15
800119,クリーニングハッチ部Oリング,1,0,5,0,0,6,5/31 19:15
800126,片ナットチーズ,2,-1,1,0,0,2,5/31 19:15
800130,L字 排水ホース継手,0,0,0,0,0,0,5/31 19:15
800135,異形ニップル20×13,0,0,0,0,0,0,5/31 19:15
800137,T字 排水ホース継手,0,0,0,0,0,0,5/31 19:15
800139,ヒーターシール45.5×22×5,2,0,3,0,0,5,5/31 19:15
800147,引掛ゴムプラグ,0,0,0,0,1,1,5/31 19:15
800171,プラグIL,1,0,0,0,1,2,7/9 11:11
800173,引掛キャップ3P 20A 250V,3,0,0,0,0,3,5/31 19:15
800180,PFAチューブ4×2×10m,0,1,11,10,13,35,7/16 13:05
800181,PFAチューブ6×4×10m,13,3,5,0,2,23,5/31 19:15
800182,PFAチューブ8×6×10m,5,0,0,0,0,5,5/31 19:15
1006940,XT8　オーリング　35×3.5,1,0,0,2,0,3,5/31 19:15
2150009,圧力,0,0,0,0,0,0,5/31 19:15
2250311,V-Belt Clamp (for 19465),0,0,1,0,0,1,5/31 19:15
2254131,ALPスリーブピストンAssy,2,1,1,2,0,6,5/31 19:15
2255015,グラインダー EK11,0,0,0,0,0,0,5/31 19:15
2255106,K30 グライディングディスク,0,0,1,0,0,1,5/31 19:15
2255121,ALPフローメーター,0,0,0,0,0,0,5/31 19:15
2255141,ALPアジャスティングモーターEK11,0,0,0,0,0,0,5/31 19:15
2255275,オリフィス d4.1/0.8,0,0,0,0,0,0,5/31 19:15
2255277,リストリクターD4.1/1.1,0,0,0,0,0,0,5/31 19:15
2255279,C5 ｵﾘﾌｨｽ D4.1/2.2,0,0,0,0,0,0,5/31 19:15
2255280,ALPオリフィスD2.1×0.4,0,0,0,0,0,0,5/31 19:15
2255281,C5 ｵﾘﾌｨｽD2.1/0.6,2,0,0,0,0,2,5/31 19:15
2255315,C5ギヤポンプ,0,0,0,0,0,0,5/31 19:15
2255350,ALPスライダーASSYUS,0,0,0,0,0,0,5/31 19:15
2255370,ALPグラインダーAssyEK11,0,0,0,0,0,0,5/31 19:15
2256032,カップリングピース,0,3,0,0,0,3,5/31 19:15
2256064,プロコンポンプモーター230v,0,0,0,0,0,0,5/31 19:15
2256142,ALP/c35ミルクジェットユニットAssy,1,0,1,0,0,2,5/31 19:15
2256154,ALPポンプモーター,1,0,0,0,0,1,5/31 19:15
2256227,ALPオリフィス4.1×1.4,17,4,1,0,0,22,6/25 19:41
2256232,ALPピストンASSY,1,1,0,0,0,2,5/31 19:15
2256272,ALP 12Cボイラーミルク,0,0,0,0,0,0,5/31 19:15
2256374,ALP電磁弁Y7,1,2,1,0,0,4,5/31 19:15
2256375,スチームボイラーinsulation,0,0,0,0,0,0,5/31 19:15
2256379,ALP電磁弁グループY1-Y3,1,0,0,0,0,1,5/31 19:15
2256397,C35ミルクフローメジャー,1,1,1,0,0,3,5/31 19:15
2256412,ALP集中排水管New,0,0,0,0,0,0,5/31 19:15
2257002,ドロワーBOX,1,0,0,0,0,1,5/31 19:15
2257004,C35タブレットシューター,0,0,0,0,0,0,5/31 19:15
2257007,C35抽出部カバー,3,1,0,0,0,4,5/31 19:15
2257008,ホッパーノブ,3,2,1,2,2,10,7/17 10:29
2257009,C35ホッパーベース,0,1,0,0,0,1,5/31 19:15
2257047,C35ホッパー,0,2,0,0,0,2,5/31 19:15
2257098,C35フロントパネルフレーム,2,0,0,0,0,2,5/31 19:15
2257099,C35mcsフロントパネルフレーム,0,0,0,0,0,0,5/31 19:15
2257133,ALPスタンプピストンASSY,0,-1,1,3,0,3,7/15 20:48
2257183,C35圧力センサーキット,0,1,1,0,0,2,5/31 19:15
2300084,ワッシャー,5,0,0,0,7,12,6/29 13:54
2302009,M3×5,10,0,10,8,8,36,6/29 13:56
2303083,M4×6,26,11,0,8,9,54,7/9 11:09
2304062,Fillister Head Allen Screw 6Sm3x5A2,24,23,10,7,6,70,7/18 10:57
2306004,ALPVクランプ,0,0,0,0,0,0,5/31 19:15
2307012,Hexagon socket head cap screw DIN7984 M4,5,0,10,16,5,36,6/29 13:56
2404002,ALPT型スリーブ,4,2,0,0,0,6,5/31 19:15
2406004,ALPテフロンホースノズル,2,2,0,0,0,4,5/31 19:15
2406093,C5 シリコンプレッシャーホースD7/4,3,0,0,0,0,3,5/31 19:15
2406120,ドレンコネクター　アッパー,0,0,0,0,0,0,5/31 19:15
2407048,XT8 チューブエアー,2,0,0,0,0,2,5/31 19:15
2500012,C60Oリング17.17×1.78,20,9,5,4,0,38,5/31 19:15
2500075,OリングNBR70.570Sh5.0×2.0,5,2,0,0,0,7,5/31 19:15
2503031,ALPシール8.9X4,0,0,0,0,0,0,5/31 19:15
2503033,負圧弁Oリング,10,2,3,2,3,20,7/15 23:46
2504001,ALP Oﾘﾝｸﾞ 3.68X1.78,5,0,0,0,0,5,5/31 19:15
2506005,ALPOリング14×1.5EPDM,10,8,10,0,0,28,5/31 19:15
2506016,ALPOリング11×1.5,23,10,2,0,0,35,5/31 19:15
2506018,ALPOリング94×4,11,3,0,0,0,14,5/31 19:15
2604122,Bar プラグ D6 PM0806R,2,0,1,0,1,4,5/31 19:15
2604258,電磁弁 3/2D4-2.5,1,0,0,0,0,1,5/31 19:15
2604263,ボイラーフィルター,0,1,0,0,0,1,5/31 19:15
2606011,ALPコーヒーミルクデストリビューター,11,0,1,0,0,12,5/31 19:15
2606015,電磁弁Y5,6,1,1,0,0,8,5/31 19:15
2606016,ALP電磁弁2/2NW1.5,4,3,1,0,0,8,5/31 19:15
2606020,ALP 電磁弁3/2NW1.5,1,1,0,0,0,2,5/31 19:15
2606021,電磁弁2/2 NW1.5,0,0,0,0,0,0,5/31 19:15
2606037,ALP電磁弁2/2NW2.5,1,2,0,0,0,3,5/31 19:15
2606040,ALP電磁弁2/2NW3.0,0,4,1,0,0,5,7/5 19:38
2607001,ALP電磁弁ハウジング2/2way,0,10,5,0,0,15,5/31 19:15
2607003,ALP電磁弁ハウジング,5,2,0,0,0,7,5/31 19:15
2607004,C5安全弁Assy4.0bar_11,0,0,0,0,0,0,5/31 19:15
2607005,C5安全弁Assy12.0BarCrNi,2,0,1,0,0,3,5/31 19:15
2704561,ALPコンデンサー16uF,1,1,1,0,0,3,5/31 19:15
2706001,動力C35コーヒーヒーターエレメント,0,1,0,0,0,1,5/31 19:15
2706003,動力C35スチームヒーターエレメント,4,2,1,0,0,7,5/31 19:15
2706008,ALPコントロール基板,0,1,0,0,0,1,5/31 19:15
2706009,ALPカードプリント基板,0,1,0,0,0,1,5/31 19:15
2706011,ALPマグネットスイッチ,1,1,0,0,0,2,5/31 19:15
2706067,ALP過昇防止器コーヒーボイラー,2,1,0,0,0,3,5/31 19:15
2706076,ALPユーザーカード,0,0,0,0,0,0,5/31 19:15
2706084,C35/ALPコーヒーヒーターエレメントセット,4,1,2,0,0,7,5/31 19:15
2706091,ALP水位センサー,2,1,0,0,1,4,5/31 19:15
2706197,ALPコネクション基板,1,1,1,0,0,3,5/31 19:15
2706223,c35/ALPスチームヒーターエレメント(MCD),6,2,0,0,0,8,5/31 19:15
2707012,c35ディスプレイケーブルJ70RS485,3,1,0,0,0,4,5/31 19:15
2707024,c35パワーPCB,0,1,0,0,0,1,5/31 19:15
2707027,C35ディスプレイケーブルJ68,0,0,0,0,0,0,5/31 19:15
2707035,C35 ディスプレイタッチパネル,0,0,0,0,0,0,5/31 19:15
2707075,ポンプ用コンデンサー7uF,1,1,0,0,0,2,5/31 19:15
2707101,C35ユーザーカード,1,1,0,0,0,2,5/31 19:15
2707102,C35マネージャカード,1,1,0,0,0,2,5/31 19:15
2707104,メモリーカードc35,0,1,0,0,0,1,5/31 19:15
2906013,メリタAMCクリーナー,0,0,0,0,0,0,5/31 19:15
3210036,トライアック基板 EVO,0,0,0,0,0,0,5/31 19:15
3210070,Evo スチームタップパイプ,1,2,1,0,0,4,5/31 19:15
3210507,EVO2 ASSYユニット,1,0,1,0,0,2,5/31 19:15
3210512,Evo2 スチームタップ右,0,0,0,0,0,0,5/31 19:15
3210513,Evo2 スチームタップ左,0,0,0,0,0,0,5/31 19:15
3211007,ボイラー13L,0,0,0,0,0,0,5/31 19:15
3211012,キーボード EVO,0,1,1,0,0,2,5/31 19:15
3211013,キーボード (Tea) EVO,1,0,1,0,0,2,5/31 19:15
3211018,EVO ハンドルスチーム,1,1,1,0,0,3,5/31 19:15
3211020,DC PRO コンプ スチームタップ,2,0,3,0,0,5,5/31 19:15
3211039,トライアックグループ DC PRO EVO,0,0,0,0,0,0,5/31 19:15
4000002,スイッチ4P,0,1,1,0,0,2,5/31 19:15
4000003,EVO トランス,0,0,1,0,0,1,5/31 19:15
4000004,Evo リレー　400V B230V,1,1,2,0,0,4,5/31 19:15
4000006,コンデンサ 10uf,0,1,1,0,0,2,5/31 19:15
4000009,Evo ポンプLT,1,1,2,0,0,4,5/31 19:15
4000022,ボールタップ1/4,0,0,0,0,0,0,5/31 19:15
4000023,過昇防止 25A,0,0,0,0,0,0,5/31 19:15
4000025,バルブ 3-WAY 24V,0,0,3,0,0,3,5/31 19:15
4000026,EVO 給水電磁弁,0,0,2,0,0,2,5/31 19:15
4000039,オーリング 150,0,0,1,0,0,1,5/31 19:15
4000208,ダラコルテ　ポンプモーター,0,0,0,0,0,0,5/31 19:15
4000313,Evo 電磁弁 2V 24V D3V,0,2,2,0,1,5,5/31 19:15
4000325,シリコンパイプ6×10,0,0,1,0,0,1,5/31 19:15
4210017,エボ　ドレインボックス,0,0,1,0,0,1,5/31 19:15
4210028,Evo フローメーター,1,0,2,0,0,3,5/31 19:15
4210039,B-MC-0039 SHOWER,0,0,0,0,0,0,5/31 19:15
4210047,Evo 負圧弁,3,0,2,0,0,5,6/26 15:14
4210048,安全弁 3/8 1.5bar,0,0,1,0,0,1,5/31 19:15
4210049,Evo 水位センサー　L=135,0,1,0,0,0,1,5/31 19:15
4210073,bmc0048セーフティーバルブ,0,0,0,0,0,0,5/31 19:15
4210105,EVO スチームノズル先端,0,2,0,0,0,2,5/31 19:15
4210120,エボ安全弁,0,1,2,0,0,3,5/31 19:15
4210128,ガスケット EVO,0,0,3,0,0,3,7/16 18:26
4210137,EVO エレクトロニックボード,0,0,1,0,0,1,5/31 19:15
4210139,ボタン EVO2,0,0,3,0,0,3,5/31 19:15
4210140,ティーボタン基板 EVO,0,1,0,0,0,1,5/31 19:15
4210158,Evo 水位センサー　L=90,2,1,1,0,0,4,5/31 19:15
4210189,Evo スチーム防熱ガード,0,0,0,0,0,0,5/31 19:15
4210247,EVO-KEYS BUTTON,0,0,1,0,0,1,5/31 19:15
4210409,DC 2カップLowフィルター,0,0,0,0,0,0,5/31 19:15
4210468,filter gasket  H7.7   70/75SH,0,0,0,0,0,0,5/31 19:15
4210470,フィルターホルダーガスケットH6.5,2,1,0,0,0,3,5/31 19:15
4210523,ディスプレイ EVO2,0,0,1,0,0,1,5/31 19:15
4210570,EVO2コントロールボード,0,1,2,0,0,3,5/31 19:15
4211056,ディスプレイカード EVO2,0,1,0,0,0,1,5/31 19:15
4211100,EVO マノメーター抽出圧,0,0,0,0,0,0,5/31 19:15
4211101,EVO マノメーター蒸気圧,0,0,0,0,0,0,5/31 19:15
4211132,Evo 温度センサー,0,1,2,0,0,3,5/31 19:15
4211325,コントロールボード PRO,0,1,1,0,0,2,5/31 19:15
4670008,グラインダー ボタンパネル,1,0,0,0,0,1,5/31 19:15
4670016,DC‐ONE キーボード ディスプレイ,1,0,0,0,0,1,5/31 19:15
4670215,ミル刀　DC-ONE,0,0,0,0,0,0,5/31 19:15
6319000,K30 分圧器,0,0,0,0,0,0,5/31 19:15
6715000,グラインディングディスクK30,1,1,1,0,0,3,5/31 19:15
7244000,Display K30,0,0,0,0,0,0,5/31 19:15
8388000,K30 スモールPARTSセット フロントプレート,2,0,0,0,0,2,5/31 19:15
8389000,K30 プロセッサーボート,0,0,1,0,0,1,5/31 19:15
9000308,シリコンホース 排水ホース,4,1,0,0,3,8,7/1 12:34
322300199,#300199 Spout K32S,0,0,0,0,0,0,5/31 19:15
322306723,k30 ダイアル,1,0,0,0,0,1,5/31 19:15
322308551,Push Button ""Double Shot"",0,0,0,0,0,0,5/31 19:15
322308552,#308552 Push Button ""Single Shot"",0,0,1,0,0,1,5/31 19:15
3271500840,コンタクターB&J 240V AC,0,0,1,0,2,3,5/31 19:15
3271500986,Element 2.8kw 200v butterfly,1,1,1,1,2,6,7/1 12:16
3271501218,UC-10 抽出ボタン,3,0,1,0,3,7,5/31 19:15
3271501221,PB プッシュボタン,2,0,1,0,2,5,7/16 13:04
3271501542,ポンプ uc-10,0,0,0,0,0,0,5/31 19:15
3271502000,#1502000 Therminal 6mm,0,0,0,0,2,2,5/31 19:15
3271502075,ターミナルスイッチ,2,0,1,0,2,5,5/31 19:15
3271502087,過昇防止スイッチ　T10,1,0,0,0,1,2,5/31 19:15
3271502147,バルブディスペンスソルノイドプラグ,4,0,1,0,1,6,5/31 19:15
3271502148,PB 取出しバルブ,3,0,1,0,2,6,7/16 13:05
3271502192,PB 給水電磁弁,2,1,0,0,2,5,7/16 13:01
3271600345,T10 メイン基板,1,0,1,0,1,3,6/18 17:24
3271600354,PB  PCB Eco Slave,2,0,0,0,2,4,7/16 12:59
3271600357,PCB357 スペアキット,2,0,1,0,1,4,7/14 19:02
3271600691,PB サーミスターASSY,2,0,2,1,1,6,7/1 12:16
3271800690,water intret horse white,0,0,0,0,0,0,5/31 19:15
3271801427,PBファンシアプラスチックミドル,1,1,1,0,0,3,5/31 19:15
3272100155,T10 抽出レバー,0,0,0,0,1,1,7/12 12:08
3272300272,PB ドリップトレイ,1,1,1,0,1,4,5/31 19:15
3272301463,水位センサー40mm,3,0,0,0,2,5,5/31 19:15
32716003661,パワーサプライ,1,1,0,0,1,3,7/16 13:01
25722,フロントサイドパネル　左,0,1,0,0,0,1,6/4 11:01
46211,"SP-SET Assy, MMI XT6-XGA V2ディスプレイ",0,1,0,1,0,2,7/15 12:26
29188,グラインダー1 XT8,1,0,0,0,0,1,6/11 10:50
31566,コントロールボード EST-HPG,1,0,0,0,0,1,6/11 10:51
26417,Metal strip 0.8×8×154,3,0,0,0,0,3,6/26 15:07
20857,BUMP RUBBER,0,0,0,0,0,0,6/29 13:56
48841,Jキット,26,11,3,6,5,51,7/17 15:44
40314,コンデンサ6μF 450v,0,0,1,0,0,1,7/8 16:56
48005,uc10 新型ポンプ,0,0,0,0,1,1,7/15 10:10
45378,CT MC-18,2,0,0,0,0,2,7/16 08:32